ID,PC_1,PC_2,PC_3,PC_4,PC_5,PC_6,PC_7
1269.0,814.5946056024561,159.02659553453856,1018.2344325130016,67.151714150337,117.98710817831187,198.75423528646934,92.10357071072569
6910.0,45.600542487306924,205.3954820838671,-64.36540173432732,335.7664344797137,243.46518136385092,-59.40537740077615,-135.21028921891286
295.0,32.961960174088794,-228.53795846119374,374.57599136174423,-112.21394772927412,-271.7723982965244,61.48214005681862,255.0195105851519
4943.0,63.43184904066633,904.6106056899564,326.5469678964682,-293.12690872049694,-256.9024681417551,15.842785435620842,173.98155641997099
3644.0,-1001.8641320778813,-443.9248250853016,-316.19569318705766,176.62493579803072,436.05072689954943,123.5215399114045,-6.129151936086942
1531.0,503.37563792260727,202.9036964349776,-95.3254949517934,-89.10431900326813,43.48856570854733,69.56308780112867,91.41084189583034
5881.0,-351.85676914233727,-11.400605458924069,-374.0843825528946,94.86556456230046,-35.409644905987825,113.81433552768621,7.241424609286641
2725.0,-543.0146052523542,-185.1454561864532,32.89174891932557,185.63809990481442,852.379972758809,-300.8168728438931,378.8779666468621
949.0,-1314.2765112156694,661.8809035115816,307.45955815981455,125.84338767136427,117.86916002368525,-2.956726789026855,127.24672335021545
2293.0,56.887238042347946,72.10271882580533,34.848083521266574,-182.4688342884796,46.77827027899693,135.5259015521492,209.46008488700573
3569.0,-91.34278510192343,-173.85503259611312,64.72996855708072,136.94784013696616,-28.17133539819005,-0.21570095664834277,-188.9920240042532
6965.0,125.32989059965425,-110.38345761926988,-98.57914361819061,16.5633250920357,-44.7084832772821,143.88420803470254,-39.62286808385385
7195.0,856.2447587493275,-90.81558003374401,-427.23633655685796,-83.1246244399132,-353.1750577217456,-112.90303917672591,130.16820917570922
4632.0,1011.7165306783579,690.4016643076354,-77.12452842718186,-19.702643370930716,-200.17917342739713,3.8469230926865334,54.977533030925116
636.0,-218.20113900256044,471.2754666422378,206.40418416859725,347.5378498697639,-161.90510182393112,-242.54839569106375,-534.3272577749707
693.0,-325.6573870594112,-917.9836315068155,132.95102451468176,792.6747333490445,-71.54262314783524,-118.155615976244,-205.87284380286945
1312.0,-156.62919020190594,44.401729789772396,2700.1360520879666,575.5887653241949,96.79141170173088,-222.19371542974545,-99.809205885701
463.0,-313.2966024499979,-54.13148065064533,-194.8480555578136,604.3018049973952,-505.07311914682464,-98.69608769889703,260.5334022211812
3934.0,-680.5126011175759,-114.31551145811065,563.0900608616399,296.6464114812321,-105.58674006069741,-47.94595273588463,262.6052593856637
2385.0,30.16918691832816,105.71306680633585,-190.18506402921898,11.486738190732705,-32.85588478539922,66.1477447488589,-385.8063076062094
1600.0,-46.149475766684304,-460.01739928115154,-578.4589495071749,-633.4856928902132,152.94930946443583,23.313954947861415,-103.39160169364132
5233.0,-399.915329948811,104.39943459011097,86.51680450898354,-149.7081830257492,30.243954505474857,-440.3985183452075,186.0629770588138
347.0,1029.3879653914032,897.7741029787452,-539.9726789375728,-14.172282237368018,-429.55693426040824,63.86582419202476,-171.86745311975102
7047.0,765.3104519806744,-97.75419900039752,603.8443614617306,-124.22896346008281,-0.28895140445822026,530.1890698981829,-12.181142323321996
2217.0,1820.3826100146289,133.86560925351125,251.22465645082104,-127.46740087724703,-7.189187782898442,420.0302952147817,74.80755890328234
1588.0,181.6907187717897,-366.3240351073374,82.67225628904592,-2.297975488244538,-199.6987399177986,73.22738745744962,247.86624620147427
363.0,-247.66054874053887,1065.735486869255,145.4411627197775,433.9531906679118,170.91095888162593,-17.47588857152759,-2.2115489657719136
22.0,-67.39404341052071,311.8085115228657,-824.7470534794213,531.4766542484656,227.76000107101288,174.4260242435504,241.51720897669577
4671.0,-909.642730344299,-1.1884806068489997,-236.64287277870454,-407.0549253705332,-460.9172049364399,30.118148927739828,71.31555183293112
688.0,155.65723561400634,-691.2978199539216,71.94466915300406,88.89175904286681,137.46840633033295,502.7081191714394,-255.44821022224264
5397.0,377.59913423959955,-892.8741664913699,-53.24031738634257,81.48316180101591,22.802638575310418,-205.5916267692621,-121.20813765114757
352.0,191.28446647091124,-306.49666701660374,601.0520472100785,-255.85587420915257,27.774111139802706,-37.76247243797369,171.66785647157872
5833.0,-164.04491826994598,779.5990494707872,263.7178590058842,-452.9390157833017,152.8321236487002,-163.06661442461257,49.99082227221922
2202.0,-319.1110395384369,400.21932916982564,-417.8043849959959,338.17305724320386,124.96762653900615,-60.400843116984795,104.2814217946227
2645.0,-97.38729642497944,95.0415556056757,306.714043931804,-766.8537666619828,101.1494773979017,-156.31405998658815,57.59772848705022
7098.0,1243.033115080234,173.54925539353368,162.44709361733305,-151.83008033953854,-102.56666540031311,-38.198178263984005,10.437553990007386
323.0,1426.6712040192795,-677.0657441588833,-25.88333710725948,114.04470183188171,83.20171506908136,-174.95766277084996,-119.78854351527193
3397.0,-357.37284927629753,-62.379203444393895,-1022.5371158818197,-633.2345338001978,-582.1956484924698,71.04011875035515,418.99206488771506
6617.0,44.31883274762673,672.4383204935582,191.43070383080135,653.3760814549524,-465.43549276053807,157.36896748901006,-100.43018235607285
7358.0,-428.00482321513346,-1227.9820271913081,40.06478858039675,274.3384769896762,218.0660210647825,-62.79198626185287,-534.8690228769505
589.0,388.211996263925,226.05492409638845,478.2078652345762,-1725.271504335824,-141.31468442478106,-28.915267944596785,-153.03162675465953
2507.0,-1482.5052665059798,-89.31019790442404,-1864.972808601285,47.59223881152451,-67.62148116856741,-35.53035301452266,455.02787949052725
2568.0,-544.0070449946014,-126.9291167086898,-1126.2830509963246,585.8289113997811,180.72185525873923,161.66475085196777,80.26399251167639
3167.0,-296.6521196206955,-384.42263302616607,1039.0723435871198,819.6450975487642,-733.5148241198895,-36.601043757443776,-57.03999573370186
3399.0,1052.7816480494928,317.87255769179546,-181.4030446191158,-171.7924305657919,-56.77522092783626,-86.38355351528826,-344.34698611704334
322.0,601.2234071854052,45.21780721494064,28.36878883935845,-152.01908460419367,525.5589696637426,211.1182336390028,-265.9234105859321
2056.0,-279.9589721523759,-436.9691132896229,23.813958903318923,60.84008813992592,58.80873826113084,282.19011576119055,-414.38557924852057
4621.0,-652.5614243186933,184.6282361594397,-651.6952071305277,119.25525139820459,134.09007806458973,55.23299764348317,256.4862008845585
1987.0,207.99422858702775,444.439333477785,755.2574985608705,-124.54369138980964,-380.9756535640006,4.059530134263832,118.17348801049508
4349.0,-342.34056753141016,-136.69365115574126,230.13173087538397,120.42919772893426,-142.50636656539405,143.26629025937837,166.11165978932985
8100.0,-976.3778889659687,10.120903294040842,135.22826886675853,-451.6503340103114,-152.9389718621708,-201.7837699846836,22.82761366363014
9185.0,-9.65320894595668,-477.47648521594056,-1042.2555204472587,-101.63395253940499,-0.6688226394821408,-277.66699425307536,103.69800962780535
6859.0,917.1726730794906,-36.37774638074171,672.6724320543424,-300.10269950518074,-346.5056712224263,75.29750248470252,10.308484325150177
1759.0,826.0415891832841,-195.9795639217909,108.2118252652628,587.9693630034244,-367.7879956106841,-47.15555038734848,310.1706569755803
8563.0,-496.050796516331,129.7957677418977,378.2242466834305,31.317874213919723,406.8956585808499,-262.2039792662104,353.42199967164146
4814.0,1272.1098629879486,14.047644208237127,156.45121696678092,-1367.3844378054637,-321.7488636804112,-81.2011397649388,96.84792168178676
9928.0,31.10079390875624,-28.722619048567815,-1646.0568534723727,-7.3696585926694835,-214.3374278434061,-167.1524344985344,128.86182925579482
6928.0,319.90921871315777,335.9183063232748,55.191081976164796,-232.04105500015126,-172.14421988157295,691.2963842312496,134.4249059790438
5274.0,-26.983061076554165,-30.503114956245792,-189.9749389853307,-79.79795764989306,-127.47477824768168,444.05316783300015,-76.22935552848878
6734.0,22.874163482198682,189.53012565220075,1071.0234983129508,87.8329326766793,-9.240457034715657,117.95412728232951,193.26324252750658
1503.0,-43.664786823553236,-1222.2497957414946,414.15453203763167,-246.4817729078781,-41.44716811211047,-113.63582140643128,4.538995199461279
4356.0,-28.708534488871983,156.41548334528727,480.37020495268575,-119.89307894097168,-597.1512194777064,217.02330264511602,215.88075435833548
7549.0,104.94960757106634,-1314.9046331226443,325.90157919479003,533.655707378973,141.37812010308267,-99.88872229547975,323.42269469726415
8336.0,1041.8086550369705,-394.4336575880957,204.51672494030532,166.42185593413882,-28.55286544950428,-266.5115180247142,-72.07204190250941
9276.0,132.63191906026353,478.67136394081615,57.87283819318381,206.52784050117694,42.347907968045206,311.74845756894644,318.75226304123913
3913.0,-121.75904192368134,-163.15430116590272,-15.534084345453328,-37.041328506100605,211.3529922577129,39.078237493335806,206.28775210206584
3394.0,-14.913785375662805,-168.8258788676843,227.20843759171265,876.4114856873042,618.2721468809706,19.92874369513202,-35.44852342859708
609.0,-922.8891528175827,-153.793302822452,-670.7962983617483,-200.72244452133776,-187.03201906584218,207.03193572818148,-51.515420826252495
1877.0,-448.85629190962925,-534.8482590415363,910.4699377508351,59.50961535800566,713.5509589053308,28.888442700936384,-896.5064808844454
8737.0,-142.64760523348585,40.24519102530566,-418.16944325492625,-380.95355868734237,-34.63066090049767,-86.8143394318149,86.81114281386651
952.0,338.48462536549516,-452.6787494461489,-76.51252918780405,141.44084983234907,-107.82172343057718,175.1333301840825,-129.60255350651803
3780.0,20.9237355391736,-864.4865683103702,386.43842910458517,162.2228783491183,-31.522101482882352,3.1679525942627134,-284.60489383115623
2024.0,-61.80189956491543,143.0483482379373,198.08954733254782,145.1788927503949,95.91009928585292,-576.7179415054669,74.31616848501506
9869.0,-138.45509940465928,-691.8398257974686,-222.93616718209046,595.6903247060892,-11.588493677372762,35.717455977833424,174.53800270226867
36.0,-134.37633004281648,49.79234902598554,-1527.2405657376248,-7.684585298818712,216.0900858586066,-46.82447516239644,-164.55786111959762
798.0,-704.9149878507147,300.073507496862,-348.2901183980692,317.6838816383178,126.98158759252115,37.53910500595068,59.688299825715866
1221.0,-225.78389595025712,541.0223059305271,-152.70137857818915,1.0672008799529542,14.079242414886362,-601.3293427090591,-3.7704240073006083
64.0,-101.00874170691618,-40.36038841698333,120.60101532730094,-302.2287904172089,318.26792638114233,-300.24327314303736,-287.5652454479609
6191.0,216.56641966634703,-488.70318267430076,-85.08881427634414,-779.3245825361151,226.13249080339335,-83.87915514212305,32.83194149948016
6381.0,319.627795331128,323.50750370554283,-84.24045851484429,-3.789478223672938,-72.64213386877019,50.097377508612546,-434.71347596256425
1028.0,-104.93405798508613,279.54418330091346,1397.7716153365022,-341.99847250289423,-316.18128767970296,-367.2364449653961,124.05582413226705
2874.0,62.07195981962019,-211.15869529942086,-1323.563938503759,133.9659454520027,115.69553079821989,-1.5278670407896275,-19.184928720912104
3532.0,-59.785563409068224,-685.2699191030383,-621.9875097713958,345.1890243367907,56.9469003020484,41.37696171741405,-15.443691230069744
1532.0,-1958.0481142982267,-576.3649859053602,436.6196890554117,-788.8993806221687,41.286845880965124,-128.2055617979928,-281.39539998366786
440.0,-789.8413363766243,-71.2651152163998,-12.724892576920062,354.9643358396443,-144.4993954278933,-11.35932044669406,-523.3369542876427
6074.0,-436.2625561109751,-312.6725759194967,896.3492004742202,1293.3663142177763,43.854694535336684,-75.69493026187848,70.52650692428232
6851.0,103.19501464327539,-520.6258142588092,-301.7620864372845,-353.8226344628196,-67.28602472268396,-608.7747496453359,-419.98808528886957
4181.0,-537.5990650406317,207.57394693104635,229.5903542236595,969.3271488557125,185.82704552575967,-427.5128832731184,-1.6494918843108985
5917.0,-54.57502832214097,466.3423712178977,-649.7053796502375,-665.0242242152157,348.8718544903087,-107.02269426243058,77.1599203453388
7214.0,-445.3876209784768,-321.9978495338279,30.740377524482312,-168.6487795088294,-241.61623021000722,-13.1593234009087,88.51213843387886
3964.0,498.79907224548015,-224.35127932535596,1052.4715825490732,-944.3164042613641,-460.7963102780169,-552.8019489869545,-58.331053922124916
7285.0,620.9774435930965,-142.90514750576352,220.89688929824257,68.13465500402195,-67.58840856885455,-32.09667186576735,-116.35447957909486
8951.0,-105.56939267383679,123.50797311075266,342.59218988808794,492.6677981025646,-45.87094081688315,101.39443652607086,-22.924216210418
118.0,-816.4810393869648,36.79705793709097,-87.10390867946244,207.19173420754512,-160.48259731850897,-28.78304337311196,-7.956303313827
3468.0,-26.32776151801962,133.42486253231462,1018.9462933113134,-58.8240222616366,-56.75749891543899,-332.90254750042993,285.2012109974795
799.0,-1080.449339962151,-308.97974099353996,220.79787024876128,-9.804708373108708,315.6208103603475,-52.77421516653589,-281.61194863618897
6356.0,-274.67260857663524,41.19079303370462,-77.30176066705332,-1286.720207951814,150.9685171977152,-507.8457644718059,-6.889814544815507
4056.0,8.740155266585539,266.11658897265676,480.55436324921726,-280.59864542056187,250.60164265828539,225.38540346683155,-23.89023166663458
9232.0,-279.3099906093168,191.27013562187912,171.0186550726302,375.22487312352143,103.47292081998027,-375.06430110255735,192.8345699567475
4680.0,607.8108254053986,-637.3136997489812,-34.611919733308625,-471.34971101172135,-494.3147629494637,19.847320076994407,-606.7867206774641
3196.0,-6.068024154446221,460.16880864077024,-1820.3581803666546,-547.334141694593,190.24262905206635,8.1063800082094,448.663187113113
4055.0,1195.0843492928323,-78.16528540305097,383.91677957956284,-680.4742155841099,173.8891640592068,73.57195565399044,39.22282254547964
4569.0,343.1575074401572,104.44627922722509,-1557.2210074213822,-268.65049110387787,15.92954039944853,-152.92946064096128,429.16276261549723
7504.0,-229.2675308516045,-367.79585077635113,621.2940384851483,-1286.1261865545516,8.261383310417623,209.75661573663217,78.75589261357949
5683.0,-0.184743798807256,3.024119582012336,-5.549725353078376,-44.52685019050299,-330.2580385439564,306.8707975010077,34.87590292791653
497.0,46.11703577010698,-507.88467972092906,56.015210349765496,95.86120595980965,-356.4383532013413,-80.47194100295053,168.1349351522949
6335.0,1558.188416371117,11.62132346583071,108.2497403466599,-575.6439063421941,166.52057690717803,-349.3754622149978,164.09690714311958
4482.0,-775.6515893068641,-371.7277634585913,547.5028478167459,660.2706098326659,185.134768627281,-13.221475612018196,436.0004508667549
4106.0,449.5341970423938,-91.49260372773286,691.3202036037377,-381.29934751406597,-229.70981849121253,100.52546791239142,-115.38210026668953
2542.0,0.01193136103408321,-371.75940562054274,-82.8883168836884,659.8246052453627,-28.095195549891415,102.98206623552555,28.469437301053297
9561.0,-194.99828458741632,-308.11222049981006,920.8402355278324,123.61444231826488,-122.26538719343883,163.67155208472303,146.92346208844415
175.0,1237.494209579104,-160.5467975557317,125.49493695864031,-268.09872912576583,152.75718457866697,-1.5661076285686715,-835.3693314624255
808.0,-93.65815892302787,24.66394275400642,903.4751053374536,236.061895661815,16.081110312037953,29.641364003426485,493.9892856858407
3973.0,-330.60189256128626,411.630710496362,90.66471462474622,-16.35744278050551,140.88192301384814,-61.13570082945501,90.87558971555343
909.0,358.0434836935416,56.401132896791076,-896.0986780969872,-16.38824719906717,32.428552637289705,55.86909850598158,226.93296093235182
4230.0,831.0957572351688,-74.80514288986613,-274.7699299525408,-9.235443075189796,-106.78178323951049,107.59668089142666,77.61988214722423
1173.0,171.11267628337893,-295.9109213890234,758.2995949605113,-863.6814876561293,576.9554231657603,-47.248153298474136,-123.39463183341896
2498.0,-176.15782571347606,-47.66930707023824,-363.1481966586343,-500.17014397243884,-108.08360719629722,187.5709632517487,-93.62640039604179
1825.0,382.8222764639228,551.1637950830955,1492.5939901138158,-410.8584636797829,233.29686076433856,70.2853181049411,264.6650859246663
9367.0,346.46395808641813,246.04767659854426,-2263.2437015645733,-550.3962957580993,149.16121397720943,140.74538475069485,-243.21877824092795
775.0,1565.7846781716441,-105.22474472011005,399.6545558698295,-952.664149950562,-19.28674258271061,-15.317639787782266,-66.26959913908256
253.0,-461.848049669796,-264.9064337093725,-77.18041019482648,-34.20928574762953,138.82968045495807,-265.32988282359554,73.44142864429938
6284.0,-435.3472307398494,382.7606290525868,58.59192713655526,-76.9520556491775,-653.7095511584049,152.93972491080694,-61.4457304808686
215.0,-440.49383232403306,290.52244616666354,-1292.41755307143,1540.7213465791694,-402.11718486602996,-303.0627989500388,-344.81031169298427
7156.0,-101.40166314094188,-66.79141229999352,148.25761584789245,-537.5791576950057,79.57944398261044,-227.07330453536377,-150.88743872823693
4036.0,-1450.0892275123172,-298.0310990645547,90.02238502193032,1566.405584609766,-174.39914368901685,-122.00376583810628,113.98344839697987
5557.0,570.6288185780352,-243.68786851804668,235.85123492124717,-924.9315617278291,3.60166843244138,63.09924344312339,-193.72846703022296
1375.0,-586.3229381004941,-331.3630277508001,243.68696655049413,-60.153720898410405,-244.16672043329658,16.945020075739997,70.88952309400919
602.0,393.2103389798117,-233.45042500278888,-232.84644854715842,-185.75718886075444,79.38947105470996,-359.88324225799903,-19.77646527214729
1424.0,-13.930805150479863,-422.4101284310028,280.1952012477115,23.93911946961271,-8.922783936469674,-74.13872006233125,132.78500112411163
898.0,97.19575028077365,834.7607484733941,365.968142718896,-154.09751572056447,147.99156512055757,-58.95669883952657,-499.51515320356896
9078.0,-107.5298349181763,-182.29734556827447,998.4222177206397,624.8984698845724,60.684668893913425,156.90003416255138,127.09494489811426
563.0,44.49693673569962,-256.6657773374537,531.0903992118225,70.77881010558228,141.3029917498549,75.98812893734488,-111.80242935132534
1470.0,-316.67748113867196,401.6080806628722,-184.72862041389268,90.68786151604967,-122.88888859763297,-13.053822642256636,94.46544308675412
925.0,529.7616725537936,-233.07027417172793,-298.66702825855754,82.35720005385183,520.8906111425139,245.7351513661544,250.01966426066213
9246.0,1620.391020499537,-213.39505376487335,314.72057159734004,224.58936295224635,89.2458764619745,8.850853568120046,70.33599042831564
2023.0,-970.5613202384874,-45.53403922495334,-634.7758480369422,-222.1742883608878,-49.12306810834248,124.076314672122,-261.9538401168536
9323.0,500.8119650454753,-52.247839098977835,-245.06389450961476,39.11928255482582,-83.30627012110381,-11.470882128913281,-198.9379831881732
7114.0,-87.6737825111109,-492.79103251686615,-9.715618891297963,-444.698216345895,9.842450311697803,-9.276009248109043,-111.52736186742786
572.0,-1342.3703039328186,-346.5847116290857,482.6164269430906,727.1171850991267,-214.63080033718788,83.76760220957311,-13.601968166649781
4813.0,223.36947363578395,-765.2119898040054,1.9232614742039686,152.65421707942036,275.02266739279844,92.08231958747535,-106.07994166612532
717.0,400.58253261487397,-164.2073652943285,-258.9400737772197,670.4409858942865,-164.18188964887455,-539.8159109521889,49.53594651924724
7292.0,-180.49759491155262,226.4159724213958,-4.125324670435896,593.4483031862482,-92.46187866828227,-174.28379687271163,-107.03133264227014
2362.0,1558.911533559773,209.59960041911125,126.61079573037597,51.63714031417573,126.1773091661884,62.41322663311364,-81.44933776026627
9351.0,1231.0018174249533,1062.6315083252666,-94.93751512745084,-203.38819540305093,308.81358345711845,58.90970712554126,-234.85857533918062
6861.0,278.5409032752569,-473.8380683257344,513.4911208794772,157.3045668490948,339.4693048732592,41.5172960354181,775.7963787139129
3494.0,-136.3814876810911,126.71608514322341,-212.76815666806704,366.00085362231874,71.36783872079839,5.491232802777927,-28.724908674419922
9324.0,75.28892656172185,20.92632046798462,61.216490308761685,33.135413269833904,-15.187302215979965,-323.74274646365296,26.314511324182813
4029.0,1059.6236283329965,-1314.7117068486762,462.71497450783716,-276.1765175643013,62.98970578784083,-11.58112483466431,230.99720429958003
4756.0,-294.13869846383227,-733.2386513030863,-269.9464238485937,-323.64987196211655,390.8476785685974,42.63173672304651,59.365231167853274
3931.0,-275.379598755762,-170.6679104311215,-38.027757799581494,-249.60777576288746,-7.250271823034698,-165.40763452470418,-15.49927397127757
4962.0,10.47406047696607,299.8096138424884,-219.22776537849856,308.68762080337785,-473.15422399851906,12.090880674873498,-238.2017265363683
4712.0,640.457898733654,13.52743860793507,-1527.6124894300979,908.2072615894876,-198.55181914897256,-213.61594907314645,118.18560236516797
5612.0,-1621.186861227784,-168.66316466048755,1324.754450316565,-348.71161062039715,803.4924716922915,-415.8121049167396,-1.662952842148833
3069.0,-41.46767546624515,95.54364061158267,-244.28390334021336,105.88959103971912,320.0780801401611,71.59025020580059,-47.76872201928239
556.0,1566.9707232628361,494.52310357535197,-406.2271240008935,343.2018908066203,12.676577099308563,-268.0800215113521,-126.63308385174282
8864.0,-45.74910780078767,-347.9586028424958,332.7904275539868,-314.33773637693156,198.94733507752983,-118.30107162649239,-55.01433070467444
2907.0,755.8810350459596,-55.888792382158925,150.0819455407571,-156.69245217836638,-996.4678628381849,44.13171774525083,149.84207099627133
1133.0,-187.77888777037566,-24.57842219292607,-248.00783971855688,61.41295096843879,-23.636779661081032,-191.44213914355194,215.38555427114355
1129.0,467.3607592544534,220.7484316509981,-24.381083998638548,50.22409367494443,37.252109902001564,186.57637953852074,-137.121345059737
55.0,544.3903788381638,-293.7078181747589,-43.09122760615704,0.13443161129831793,-187.9398267295678,315.7466847219196,11.350508139015712
3582.0,946.3386324773916,154.2336353762574,-54.201162047433314,-167.64336908121786,-135.35995462538725,-168.33438211955985,-98.15708491061828
6005.0,333.84614710870244,-349.1139820350713,-534.5913462186661,-69.83036768660908,109.22951528923875,75.55619081783604,-47.385776822551534
328.0,408.41665363670586,-192.48368461419773,284.4584318996649,34.90262256140943,-155.45690669897996,-269.44771314659346,-8.230906972343758
189.0,192.11848971583044,55.84703714127093,26.678480389473233,1268.7734390381295,354.9758205775565,-32.35988541903059,106.83130229296444
3922.0,1977.2708059962413,-167.07071568262245,-198.23935102387887,-43.19846218362258,52.020008508517755,-716.3443487320748,276.2311964845904
10123.0,7.958454856750823,-146.0352980866498,-1183.5996660850722,-119.09002707566039,-259.02855278470093,30.81668958827538,85.0732895008595
8911.0,-107.3065536525325,954.5399263218605,108.78680320806261,204.37625937025842,-72.60877836995567,-11.386747460657503,-94.37201345092464
5146.0,1222.8546127934228,-240.1631121502293,249.80926059772543,1920.081071007648,-26.390405250194853,17.661273930317503,-233.26126973086127
7053.0,-246.19585348364032,-181.78539351519325,182.71570769539463,1545.116217074269,35.10785165199836,-0.4870442093667871,-197.12698426645758
574.0,131.2104786942848,-249.7995858030447,140.00859998862722,-68.81959111935466,-139.4479615944679,-377.0855944181015,128.04698421214056
1036.0,-377.26754372728084,-12.807698468372884,752.4581029542936,78.73101906164969,-150.16234205880806,-173.26561147996287,12.293700586937788
637.0,-253.9201231177041,-305.99951358521116,562.4380895703523,-214.84526469449324,-280.63344734471406,491.99864226217517,218.5203190623184
1467.0,-1049.6235504022104,1611.9108225910072,-197.3136069388102,-1656.1294816681125,-114.50009495700851,106.5197311273069,-77.49473709130153
168.0,164.46796682786052,-32.8868695477356,1758.3727164588536,699.255311050301,-0.4240559215360793,13.283904714149187,-60.38673791408827
62.0,-862.584566028209,117.6590936905869,-986.145676138147,196.27775421706033,-480.76141848272914,69.1008899195309,175.35070497267083
7547.0,-375.29038551183066,419.31771367662674,-1086.7728497369314,-816.2213040498133,-181.10724623468263,-9.591581683207796,-120.39659259122472
8731.0,89.32908119637183,-608.3890674296546,1220.4366766811474,17.026508744522943,60.663027525960366,289.99281459782213,87.47010637839006
3417.0,693.0097395421312,28.013563247854545,18.487572046188895,-564.1411756894681,-42.71288495000682,-84.82860116407926,-142.63407104472753
411.0,-289.1062141747482,257.49427363316295,-1637.8338273135507,-232.841116894403,-250.6808330790972,14.524304240827481,312.7040715625209
4941.0,72.33135677977887,284.50202015625445,-12.800896125482872,479.2534089280077,-61.26409765859093,41.974576228444775,165.21566496546788
5049.0,-246.24683215912697,40.98904995005692,-701.4692160137147,-124.52866005523721,-161.94508084751365,-179.2167379461904,-8.603040690152993
6733.0,19.256430508886275,-261.4189597405895,242.1809166973182,549.126799331374,-152.49738693618846,260.9362372314343,114.39931128698618
3954.0,199.13656037297145,291.2272253852305,55.46944763068272,-742.3649891995731,79.29982259367605,147.56404774855815,69.70366892574343
7475.0,-503.30388132802193,439.4206895300615,-516.9161112335287,-331.3959598642831,84.4862618946678,-28.913604970273454,201.5841990800715
1077.0,-34.521542284932735,0.2189483882875578,-346.7684193126883,905.9229774820354,137.87651686016244,-9.335908598241556,286.14124819765425
3921.0,-875.0088999318388,-177.5656593828861,-610.1281926817963,124.01055270274219,931.0315269378432,34.79091772593483,-121.35559254120847
6690.0,-573.3806723930408,-353.45757456678876,74.83856936982309,223.32908028466326,-80.32980953775981,-295.9549746436611,540.8908199327664
441.0,434.1937307600056,395.18343183350805,-558.2637855647087,264.9093027022249,-851.959538120496,94.34919607750739,-531.7024484258101
7761.0,192.46894438425363,165.5435557270308,-409.2145175109215,620.3622812106108,-15.838295485676438,5.417348135433179,-157.25259883559673
3004.0,-751.8964507451396,742.2633279986118,-147.0803505445811,48.09264712509729,-33.86495477894942,-88.32960028815269,347.29223288903137
6206.0,374.61213717491074,1152.1074041156276,89.82863876328206,-33.931802773271535,123.39685754893186,-337.1103347703441,16.693140982363907
2212.0,-144.6898926134165,-595.2225748619761,-312.6465452897785,13.418931873605263,-119.88609356488234,42.26062226854534,-7.058888303831916
3904.0,744.960324312674,297.3959883051206,677.8235886706854,875.0734051583784,-198.69272171228843,48.84399495524012,91.12401605745785
3883.0,76.12486668485421,135.53097248628393,533.9319902003106,307.2349824332141,2.254455561971356,41.86147949512844,296.4346085412591
5073.0,7.140136507779996,1527.1368605597684,-291.48116194373523,21.703979423829086,609.5588924012409,562.2415050851888,70.95099203850015
8449.0,416.28159602880396,-173.19197821381022,-774.4639423254689,-516.0819922935149,-153.07047008685316,26.525571615552167,344.8792780885629
5342.0,-1099.6023445864873,551.1557722317898,-1055.9596855102338,6.369884828138209,-62.824505860156236,-91.98571087676757,409.2487196474066
473.0,-371.21661389510854,-147.1724511144767,1152.292069155095,170.30502141347057,-179.47029493556494,65.19722686331257,-259.0339917599964
854.0,937.5543984133907,298.078393951238,-772.0656289790825,110.38792914629241,-44.567633921662456,504.74975788819086,94.50629785007062
1970.0,-265.09656398870237,1519.1264680333868,-11.260121743895883,-49.254376820082875,122.92320959159369,24.231815838880582,75.39313466454921
8046.0,-76.15512001038988,836.7574793497755,-452.7707096016932,-77.77572666995152,582.7724433991132,-210.89031601500932,246.33483913548017
4646.0,-526.3733404038419,-138.81686326492908,449.50504473669764,220.2537376615325,100.42435996509452,-101.17860404524014,-62.59772540660265
3381.0,-1362.5567802044764,480.1598997111418,1046.051233072715,227.41309522791133,-342.1701096732933,-568.4314600818672,202.04483897927224
7163.0,-63.477401590485684,-275.3790935611709,114.47404010169623,84.07553275269272,-27.27376494135077,68.0039448248673,136.85574875157468
394.0,19.552584670793358,384.9365998382695,275.571648325243,-614.5058523538437,18.290732065585168,432.5788387810601,69.55231643204479
380.0,759.9393041235267,111.6779656590938,309.36179001031604,47.098876909978586,-75.34468661221808,12.010912493697429,4.117569044572155
9126.0,79.9260351369248,92.2660393511874,-264.8282217314219,-330.8429097617884,-97.89353168685477,-150.6749853787723,-205.32612423384558
4833.0,-682.3778970151342,-56.18728179261211,906.2069601473808,492.818573836203,346.02994101135215,-2.3644583813033195,-37.334296858075604
3942.0,256.56715324910425,41.5638057128355,730.5889290007483,-77.92865178482617,-62.79292473779747,15.454242419693692,-45.201347637748064
7080.0,154.08931902588054,2895.2435950440504,21.473344978184972,-161.1245332084158,179.57785407838705,76.1313163870667,254.06495409728333
7413.0,-254.72170902991635,3.3449157354366594,-1262.335762268097,622.9237144690275,3.0469389141548335,-15.632399461184367,-120.18088568844813
9969.0,-96.08697253659096,806.8511941056527,1231.5605201099079,1768.6317189294143,281.89505537466937,-115.60613460395517,52.11129341529802
3375.0,92.35732214431759,-460.02210629458915,1460.5609785213228,253.99426180985589,-66.50166669509615,-74.76263476907421,-39.69260195234055
4605.0,-998.4044934629952,-199.13461868779348,47.764534140900906,-348.945644900112,-53.117458915866166,-25.421102767664642,-221.35971069101797
4897.0,17.45980858542422,-155.35466239447027,-839.0713634755778,1216.036301592018,-53.779410178199186,-215.3810522578015,23.732433408451136
1426.0,-18.887481879488295,-243.70853447113717,491.33725464040106,1431.5698242515105,24.72659727222078,-89.01848439372277,-87.80057275189057
6099.0,-224.0614678784659,104.89429688010499,72.42507770928898,-155.18217237309682,-426.714977185185,-282.3221847070689,160.6859939571627
1085.0,170.12909092529637,367.40839718608476,-171.44560190092656,191.46036282074553,321.78391946537596,-759.2709963202171,13.924928279273963
58.0,-6.967343074160652,251.62910382446995,112.9007131038003,895.0738302629054,137.60453762996025,-39.34212755536094,-132.83045042303726
5820.0,275.5475108885568,-95.64490225584437,196.8669499900552,-657.6952105156269,-68.80921205638823,135.98726374662826,-61.8589302541409
776.0,30.734549628606715,-482.6956699704981,-253.66970591533695,405.39304570848736,111.48239458216004,-435.42373335313107,-49.884624787546535
3499.0,-342.6321994953583,-1126.3338221438698,-811.0445866490572,239.91657171432757,-44.25541296353873,-16.058049986595798,376.11210841842654
437.0,405.30055296241113,-1429.7772058098378,-1034.606276894388,-371.4212971657752,51.21842848567074,24.149481807395723,-135.58942899753492
10080.0,94.26205256868398,-289.3748478551675,488.73592860222925,29.746794441150616,-93.98391447528971,1.589738653395775,-344.02156773412605
6985.0,-235.65456001979518,33.71499929391669,731.7171917359127,184.88102532256514,454.47742220992876,588.7769451265118,309.34241149686005
7014.0,-1258.157163830874,-161.75675719988556,-271.996779704898,441.6277767636689,-490.6966031539238,-173.31658918589096,74.95839585651436
811.0,115.81957686281899,-345.71648256558734,-24.999792273524353,690.9296009362724,175.48114088818994,-186.56779375034105,159.43061166663765
5408.0,-120.95050425938244,86.4447389541364,-383.13000248542846,120.26599294462629,-309.9981336606915,-84.57471039726015,91.99948347219512
4438.0,-840.0508515732222,335.9737645400601,355.1840282501678,-379.2072796418998,55.37814677742018,-118.62858264093595,119.70622793091502
990.0,-615.5245310489172,-4.527336248917765,132.75514138169268,180.70881501528496,93.65999897969277,-77.37166947621732,-118.67653130380666
5540.0,-88.50250248407761,-284.245523295785,-1139.2760175434619,-54.18882493608485,-40.819087790603504,24.43757828403309,286.8440740867183
6367.0,526.193761890373,48.078392672566224,619.597228890312,273.9982629337678,-217.02101850811658,1.1839727857597673,387.16608852990544
8206.0,-199.18802592344213,-193.47492759390505,139.14778773727332,1366.7937513636493,131.70252452447394,67.78257747624602,-111.40883183409133
4143.0,207.4340755814338,922.0052061027628,-770.6109486295961,-155.59051646137814,427.213156480828,137.3928849757256,637.4776928695062
6971.0,273.3140460334597,-254.7546047929816,-425.63720905120755,218.59089096942986,144.52486708374585,-46.49613316367067,-181.93047448985314
5701.0,-690.7512491688916,-9.040348197540698,-428.8999740071204,-520.8234259969313,85.64670699515493,36.664826750233345,-38.22520732797766
9565.0,103.02340781911491,-362.24497159225757,-11.888581223520612,273.30016650610304,328.40871208401234,74.30280900680728,103.84219727370869
9372.0,-102.51581669772504,-105.63010745339213,-74.10270481850542,818.6038125268985,-61.71824603460876,-362.73834730135417,179.57051209777867
2456.0,-436.5992318688285,-72.87710474405456,-416.65783755446233,678.9041957388156,-1373.9687736406893,-190.8933660015361,26.47013936703602
6858.0,-176.9220426360723,461.6504322014819,1482.3044391010899,446.76302713628564,599.4445842052967,41.967151997455815,184.01923537339002
9172.0,249.58895269559838,-170.05111941210401,-305.0218066272353,599.6754675452555,196.9380676469366,22.14878713541692,140.605476608766
1494.0,984.9852140326501,-611.3931240743701,-123.8867105898773,298.4391480035876,431.236169418198,-62.70304262204571,25.83474443100627
2297.0,591.9032029382626,43.66042223311314,350.7439885884247,1106.148664034412,141.7263358413658,21.61550414109071,209.17764699447488
311.0,-498.48471030993846,-1014.9125759861018,-407.80325752268294,-88.52877140418678,371.9001581117381,94.09032762971222,81.48022375614654
5257.0,-381.57111146722076,-680.8010428188138,609.1423041992656,262.86762476554975,-75.72587149389031,-59.24380406384973,-28.234767129595774
5723.0,532.3219656128924,-85.44224879745505,-167.81810532243358,478.9201741567129,-285.8701608229267,-31.29450643813418,82.06969439393932
887.0,-309.2256066743581,-36.37070233088805,214.8953486574584,-1145.1181931828394,161.71319034890337,116.89388497153817,-22.93048417280637
3930.0,337.07054037097413,-147.37364718407665,125.71529256078992,140.99870017376176,-309.2265865449907,18.59538564786652,-2.7269263336429157
4983.0,228.73481091485544,7.128194160543537,689.8418512559659,478.7738921900874,-114.52820207322603,17.259165210944367,132.02594025207677
924.0,414.80719191867706,158.0370944183889,939.0788613563778,-817.2122505385356,38.96372644828565,160.1046201347819,479.1125862677426
9519.0,-214.21581961504032,294.92797769553437,-542.850973091891,32.57775689192362,614.9967361675502,-47.929040763204476,286.6872018738386
704.0,-4.782822305898322,925.3708188837776,200.03885508599507,-253.6455002691951,-1.138761773853199,-55.14773977364884,-53.59779522265076
5745.0,-405.02856871281307,-57.901575179083586,-590.2567286174874,-1765.7649607288606,101.0140473235297,-0.21825380632444033,77.74377070014204
607.0,149.43534052616658,-94.2215157265688,-172.91764818830882,-283.1525094312817,14.476320054810484,-195.45961317823938,-32.82412113924983
5048.0,342.092973563374,5.274519607199261,661.1201008941598,101.90334313646566,-194.96144601243066,29.525760211354488,123.85815360047253
7950.0,-76.1121586219099,58.46982047254441,35.831895845765104,198.62284979485753,-92.12522824101407,-197.53719095294463,136.73979504612527
4549.0,-35.55890710378593,481.3682996355119,45.6526895328629,434.038775123277,-120.27358484229816,413.7402458812823,-11.923435162279475
1040.0,443.0243635338801,-893.7510154967397,207.29658934317217,-318.11639431892627,-9.701956196906758,-100.17204220191475,-71.58953696799688
7923.0,-43.99918995910612,66.34615422386713,-496.2798941326671,162.1232479525265,93.95124169539429,48.329024931627366,-97.40563951929074
5582.0,-125.94983020468318,-243.6942852454557,-5.667668343151996,-175.29344136757015,-178.9361796780387,-131.330734168068,-26.26285893803024
8818.0,328.90004977985893,196.83429077966048,-76.80172871179569,217.58867845344935,-101.95046785750743,-37.972584415335724,-62.116564173247134
6573.0,145.86074426756812,197.23507325318812,-209.77888762917945,-738.9013962728907,52.400226570012705,-184.93491332648065,65.45704165597184
4173.0,-5.7582934973329625,-406.7752306553872,404.37309266067246,-120.68482897275162,155.8487178964138,19.41941184258252,-11.493174169693715
4200.0,-314.8805685094441,79.86588439094578,206.15755744656775,494.2126902495748,112.85799087102556,-217.14088381601417,-231.82396048776747
7153.0,193.99583523124193,868.455449177443,1004.0854908853097,124.58503894895219,34.480416280513786,76.55100496345202,210.88790567716325
9262.0,3.3197012874191074,559.6620339067307,1256.127649499113,-27.53977084605482,-103.89125926315685,20.172433044852745,-471.2236826109356
9527.0,551.5160404391546,523.686045886868,294.1660767036157,688.8788357129591,19.126915130324047,-80.30936872728101,50.737219361084215
554.0,191.34309894518125,224.04756830812346,-453.51697160910527,214.25251243201927,61.40540748557149,303.65708560402516,-63.89201084888247
903.0,-141.12640929554559,139.0875586474701,-560.584516772614,76.25891598746637,23.593282328406218,58.43366320098912,94.35335658774713
9072.0,516.7804083746107,-561.4886454330546,245.11809679643147,250.99139969552766,-2.5810140950807186,1.6642742308604617,-89.44789263875877
204.0,443.1550195822252,759.8965322530572,-665.2974027164688,22.01504704611829,212.5679753468411,-195.4683017562625,-56.93482499974084
8522.0,68.93313672116635,124.15126477520162,709.5335755237434,-258.82528800334217,378.58616142124663,-301.93654759201127,-193.9762904686406
241.0,-305.96812712378113,-195.48824456020017,-400.933633415883,32.67565409311703,11.472605124681806,541.2195409808737,-67.43692313907006
4399.0,-1065.0973233650623,-106.17151753910484,-57.72673821025894,-106.8951774457642,-10.282201343556427,151.62666372005066,-649.4478494526163
9616.0,21.615651147391972,-129.30121121583926,-303.798709265843,-190.93808330063732,-897.6296033450562,94.67915334017086,130.94405278992102
8416.0,-73.39713503075316,40.40006817448917,-222.0841207467579,178.2047063576722,92.2617416713552,312.90815996080823,-295.34355246562575
806.0,-124.62706366563876,-219.7843867218374,-252.71954965267454,189.92813972944728,-222.7048335614306,-232.15140721021118,25.195231477941004
4057.0,575.299489208526,-247.0110084414819,89.32318923802937,-961.9347831240601,-518.2556302447222,49.64782775165847,95.54774159753518
7198.0,-0.22223716804096938,135.96749742312915,11.11357019659604,656.5501743101038,-12.242394828328251,242.0572434561129,193.96086458895314
4499.0,517.0694902336479,400.34176551989214,-1291.46714830614,-768.1102180321022,167.37995611950035,-121.01463385570455,72.55948710287502
7072.0,502.2429099814223,-61.740378764123335,116.94941061410698,299.21244068267424,9.668882299467692,-55.161440770271696,-215.24501490018253
3104.0,110.3494392313088,99.97761416758816,-460.28848998919176,450.07839763164856,593.1140710755775,-11.252337297086129,79.81387805727995
912.0,1347.1812938204873,-1523.7023322875737,67.4230545654388,-205.46728543031585,-68.48180875557486,-57.62748306793528,2.161184041077359
3478.0,405.2188442999153,248.35968846171946,384.62644959268283,-622.1877482744727,-56.28761954496868,317.9449423978516,-306.6538944538065
2616.0,-9.361633997905551,-403.0405641256469,-2035.3445944560613,54.39518120495327,-128.9517375274891,108.84089847235481,-10.211249215348946
6020.0,1114.327263174973,249.71608408728522,-452.1049408543362,-185.18758482389126,-357.46158193261385,-208.00096624200182,-134.7785106701931
5432.0,359.1174707783148,166.9556102671113,149.21370644161024,2.3151181984635922,-279.47827942856355,-439.37449048235874,-22.039347713842126
3992.0,-601.5929420246672,435.4922481727372,216.91620566496866,-706.5703052081584,-11.325755643370965,-66.11058659838483,-189.49873873217845
2660.0,-92.6170800701288,-97.83519702412225,205.72285300871133,837.9809932628442,-193.53988681913768,-150.4874270758469,264.5910107206707
1466.0,58.22997338371949,1224.738853050939,-530.8295305520182,-429.7267214556018,450.26723156813176,-136.1898888609478,-264.6320618937983
2886.0,154.6103756740664,-379.2511851210318,-135.79893392987591,571.2428616091241,55.840909969484976,-25.996875558844156,-514.1397628444695
4185.0,-54.9351674005531,553.276394995636,-49.25980708546924,-387.0476822595464,-186.67418361675774,6.619067768615488,56.12725594367765
4679.0,2291.9291032577435,-7.6176885083339405,212.8743165795611,-183.61045803588146,-45.773049505556585,-340.1034328051924,-145.18293686999058
7785.0,668.3073516738168,-70.61377689885762,-77.74524911326665,-53.47646923279131,-52.1438952942556,-15.924885513630223,131.06585272346297
721.0,-127.14268223554637,-212.94166545994324,15.444821514528833,-251.11071007162886,46.3703306819437,-39.71956710858254,-73.40678576757867
7082.0,14.504964294544667,-69.4495142455547,-1201.953931241379,791.759163512528,-153.5593872239699,110.9000699976469,-9.77857598191435
8905.0,-622.3277700841899,94.9160075384554,-650.3774502247827,-185.04261667208257,-220.08537186318702,-105.54209340733806,117.1128632141573
60.0,-321.32285646435287,-123.41048762779303,-428.19946284778405,-171.9233218929557,208.59748072354228,-50.944394316476554,159.78552830818762
276.0,-644.5048234222846,-653.0066415211098,-495.63120497646594,378.9837679543227,65.36596964933567,121.70774772035652,22.486812631756703
3280.0,684.0450472262453,-251.4514367530688,-100.04586113665485,194.72264829965027,118.5418611972283,244.05887627957142,133.65701881508318
5973.0,1024.1270118654159,1000.6644507479692,-86.63117902942251,-31.366224531679368,143.71814192203814,-227.65260001106893,40.15141254692615
6115.0,-815.6939812199248,321.73368070216816,-983.2776312426228,-1074.9620731018128,186.03810657002188,50.26021433090295,5.8827339006517
345.0,-406.2684885640663,173.7319775015411,128.5477117705002,244.92144757636487,-70.40267320443927,-415.2970684194156,47.20150159881747
5249.0,-262.2272919801612,-3.031682385741039,160.15734102623585,513.8835009982947,-34.119740919143794,-101.42723170667131,-338.1015766740501
1875.0,-162.4186469414546,488.74740978309154,46.99010830962585,261.8426564574844,-492.5699964474882,-0.6692238411666569,-134.6117533549996
305.0,-471.0102645035179,53.41841589254166,-521.5555971031313,383.95547662716245,52.427148123205164,74.02667599661486,-74.17194748388864
758.0,147.18192754365674,-895.3873839958211,-24.592496528138554,460.0010610992853,100.93710483307206,83.41163591251744,-306.22963639117347
5105.0,273.47529964443413,-1056.7491457879871,107.11698942826062,636.7892040926549,-292.06188433438183,77.47775611096264,-174.77497194993273
9726.0,-538.9420822231821,-16.86274284314689,-111.77228780042888,-485.1852980597074,-174.46940662830715,179.4077396702006,-78.69004227315305
9812.0,1619.553124268795,-567.7866918656343,48.390159047189755,-91.91374176068999,-695.1510430486629,-252.31307401909388,-5.920261911485962
650.0,-199.7321400824012,787.5432671850203,541.267149606931,-571.0588615431788,-96.96674816428964,-62.271249363201065,-82.25109175766825
7089.0,-567.3729570990726,-445.7723485558038,986.231158706621,6.995203978696528,17.626953722068063,397.5004812746557,119.46717688456042
5332.0,525.3163368632088,-96.15789152739701,-177.88403509141025,701.0062789072102,33.443806902047584,121.00290282930503,266.1030609561927
10142.0,828.1067515761962,-215.99785239902462,-421.1881980301953,842.0884634328871,-302.56404903931116,294.6614919665267,-107.42497862082345
6545.0,127.42356178504012,205.4563713423656,-335.6954337262354,-21.48321653650699,61.79296169579102,-54.69993250241075,41.50096423764691
4441.0,-602.3378485582954,64.36252147507167,-111.70287502222325,-439.7067122308647,886.0026919465889,-71.3030321570697,-163.63690002921842
7915.0,-144.06891206153335,459.3061751458992,-1233.1975328568662,-18.963825670536167,-267.4035786221939,-148.918628650537,-80.22382579980376
40.0,303.5057378170907,-98.14875327894339,-99.61895161621575,-285.46431163979577,136.10516819048513,84.52977176637678,-13.220752601239163
6045.0,1131.8717233274244,-145.69985713812943,-255.82012613405968,-48.75779408391991,38.84223598070848,-599.1064602860406,228.48378340250386
296.0,1540.1706815018135,-173.87407898197313,-1080.8932455067104,86.51033099953113,-32.32050644603322,-24.10194320870955,-56.27100301555612
583.0,184.31684301461354,83.84262801945653,-322.9047620974604,57.80940052901957,-62.185276111735725,67.86406600299654,166.97405907412835
5168.0,327.92695960219237,-60.70596084311326,-41.31349369658485,-43.37268492362673,-34.98495471575334,49.89819718047114,42.40979885645944
2849.0,-138.19851081314744,-73.19274650800153,-609.29786766474,254.7715208018895,132.69923970104418,49.74039597777858,106.07060264211923
5853.0,-119.05523361167103,201.91110272456424,260.83367352105074,-1097.6952328184036,107.09296454070589,-53.25308600246178,-52.400875006610676
3449.0,76.73395095386118,101.49118388065031,1023.8774076741114,354.13280331141743,-498.13324243772547,367.3052601113514,-174.8749847632428
1022.0,30.749723170077786,98.65259622998887,-210.12674097684248,-10.24102125015839,-542.09126769312,77.46692173634972,76.35796872172452
2361.0,214.80114784357502,-261.43294346024743,-281.4131257993762,-331.29735117737397,379.7977873692824,196.22333777527098,62.92287343976146
1785.0,-575.919767577723,77.87033441465445,-793.5617188203144,-292.8648969781353,-221.6030033638773,-487.7892525775129,121.33225023377335
1420.0,451.6212944261124,-402.02478046777264,301.0753495046178,786.8564048224142,-105.0216801063503,114.29917343044067,245.89587507017265
684.0,-582.6120480858614,195.40941021154399,42.498698182020476,-1502.7294472587332,-2.9849291287198905,159.75010364892293,296.1335669902031
4859.0,-167.54088257422995,70.7334440026696,-249.33635290845956,6.8250836561289905,62.40820715386133,204.3223565685925,-206.40237022606016
3615.0,-169.2911793541146,213.16613901810308,-449.818213325815,-717.1449269657661,-195.68110986838434,-155.4548955931547,127.32716235725785
1382.0,247.29534214195422,-154.1958811871198,-819.121152715452,-695.7411569702938,419.9835325727318,-7.271216203737588,31.49323043807429
7636.0,119.76216308454609,-233.5746127133829,-58.64026473143148,-307.8998669005942,-300.0172635405392,-129.40967848030658,12.440725005555246
5675.0,463.34188263862916,241.48370474742902,369.341323993521,-670.7278617338201,-813.6689576551557,-364.93435702337945,13.02812965194594
2238.0,68.24681365593956,-203.26888516171016,591.9064807383776,955.335540301585,46.69678912248059,-157.55729803348248,48.39422757903846
669.0,196.6712921808367,-197.8210737972865,50.82535732216712,30.64438839326162,-240.50558403626874,76.42843768112533,36.50520215776946
9399.0,60.55022083690154,-112.96352098842802,-572.2069734630301,372.55283628872513,248.4494215295219,4.07404732828843,114.35529038747956
7312.0,273.7896641344582,554.6382454782099,631.3853046361148,68.75267957088879,215.57075777805773,203.1591096780806,168.36300911474743
1104.0,-242.84114243091167,251.78177861023954,274.7882706842567,68.16750955711295,-212.69492038065798,162.16920997619394,-622.2484648855982
502.0,-173.42994313183937,-54.25229013290177,321.2760382609286,1063.378486144742,3.6044018724270255,-80.57122377953675,-130.89979396504032
9720.0,-85.41211228069552,-109.90406368864441,-44.23442702192931,-221.0756143627467,246.21238782106332,124.18104079508356,-249.35637482944037
3643.0,-659.7608659191321,-564.3119648158209,-91.35931834847037,-535.913519243777,-100.96986418022651,312.82816957184355,817.3058298471966
2314.0,-1892.414836230997,-518.449439599256,528.1285441357766,-479.38436842008883,-44.883316269379165,-272.67304349676766,13.808382544291302
366.0,-681.261245224215,-84.91941671154657,-40.439116055840024,-448.6867358617215,-47.88459299817897,292.9180018712352,143.98377147824525
2035.0,98.89610959574023,-521.9899199789976,-440.1751840916858,31.50872638461299,-250.42281407958413,-13.374787190281129,5.213959198224787
2030.0,190.7093158585254,-387.5741827009548,-472.50568633188715,-243.12745003414884,-51.49339623311913,-91.60674829692287,-118.78926923627971
4547.0,-128.73855186706515,198.9826508658922,-306.88897787811817,-121.89351750763295,-149.78905213661702,144.63933041620683,-265.91140528430657
3486.0,242.73578311257054,-124.09521803852356,-1208.8109407621423,-79.80763953979941,107.26130894171189,-264.9757177382161,-186.33546526290232
9430.0,10.072152961402157,223.7416991407855,-792.1551175208853,-312.8130707470898,-22.94133393329394,-49.518960091292676,-176.7934491126822
2570.0,-161.9385046074006,-167.61949963085905,-174.50473916858988,-376.0000622879491,-89.74812250670263,303.52321512420514,-17.690621973695343
2077.0,-573.1798977777721,-351.56820051881806,-1092.2970962707159,-488.12097325829797,-630.7238762053474,-193.73057169282285,-289.83680677728455
7280.0,-752.2345700877667,318.55696588157383,144.38754540397434,-244.24419475026173,-36.62206416103938,-50.51992798948418,-241.0641893761833
1142.0,909.5701955956854,-96.38002653975208,33.02581816454262,67.04238840626395,39.68115563951644,-43.21907880639184,-40.85202342787215
397.0,36.27213700653856,-394.87902367993405,-154.19053697980686,-126.8336718471,-26.878014381423586,-203.7293767119083,271.2101377877753
154.0,433.9406741918779,94.23338273405462,-711.821197559849,-247.79006223319487,-526.8520597031257,-312.1541758794112,24.117109541026455
2278.0,44.81436485493731,-16.862499413680375,-314.33297832422767,-243.27276982597317,76.01163226468393,263.74414235702255,-220.64410876958218
943.0,-355.862084983826,206.3731507026485,261.0188689977795,478.6942786536555,50.43347442018693,-71.99388087301494,-82.53677608137745
466.0,1282.5658086250962,252.16091639248592,30.550451962684324,-280.5515533466865,-305.56853168549117,237.28150752568268,-166.3713270822691
646.0,884.0739433772892,852.3048122639482,53.4799963715007,24.278323410737315,97.77505824810927,-38.5024641404577,-231.5444547783809
5310.0,-435.8669104294832,-321.4156937248597,593.2673279364291,-235.1665193489409,-54.10101382010916,-62.66885010289745,47.53003537116655
6989.0,161.11047691662998,367.3388778432114,-610.1408588263121,53.27241431425485,-84.19277188638472,-183.7274241471378,-105.43037418769833
1885.0,932.579565565713,-202.7752744357462,-261.2538964339733,-154.51961916267956,39.82472670388532,-252.04325103901203,280.41188712485535
8266.0,-145.9400230979248,107.69626380672194,948.325869019453,121.50167517858331,82.49481867677686,151.08000413082618,-624.0652720346266
6244.0,-48.53162352977962,153.38551482061126,1039.385709224461,-187.73354034399472,177.55246916858923,-0.9563423053539108,397.3344988021026
5743.0,23.306757740349077,-172.36349310520885,-26.17023327482873,-409.81739490315465,-20.849717628313236,200.6230320283107,-49.75530624421497
5821.0,-791.9148567410023,105.83382583851916,-563.9050245014294,1119.1814498701233,-83.71319934783928,-68.15050254360368,-49.42861441060358
745.0,-146.62380151951245,-163.98379078583235,300.3902297900998,-40.024398230517605,-272.26767088899146,515.6997963308165,-2.3717735304889516
5475.0,-938.2917920599797,17.77016708640751,47.31339433631036,104.46196907411102,168.45967349730032,52.41057314930168,126.28847625951278
613.0,-460.8277924418594,-56.50558935834971,72.9853488270389,-78.14328964067077,-187.50770417675358,-88.31710539701392,115.14966674412653
5850.0,302.98982080574984,-262.51365541845973,-149.0005379456563,-264.470424069335,-270.8170650805667,-173.13284134918092,75.72684569086307
1964.0,166.03777381807262,-1523.9216346927112,-73.88965594502714,-498.4738015357568,36.25993380374601,243.20865968260313,-225.9144211625251
1764.0,-1411.6495658027538,166.58030732340416,-62.99016856844998,224.31167929995257,-249.02428397117055,188.55894828802644,-22.53458072606178
99.0,469.94636550678155,-160.90894563439926,262.0704504584576,280.5486053748429,-196.0493225676177,-104.10966804160628,162.97859278751744
7322.0,1.7151838806959017,15.30840997135636,-89.30755140676527,65.2875865348269,-492.3463653034209,-10.291327985983676,-344.93356858778634
6869.0,-427.24130864497175,116.15384531235998,179.01156533673088,289.4267079878484,-46.108337044221265,-36.32509214529319,-84.96116767277506
488.0,919.7183265282144,1003.0145152699596,343.385951143575,521.0178527498605,-224.84323014405996,70.29725618971747,393.6790758716973
4018.0,-252.70621511673968,-636.4838885267791,180.18556874089964,-188.0906482130969,-58.814944325991355,662.8284140574877,-62.30656035129084
3090.0,-518.676701741539,-734.9085392111565,-776.959016526035,192.37119323351902,344.145894327555,604.8510407695484,193.92868293783718
5884.0,-22.13378773570315,193.07313702722755,-582.071966509629,-145.6094377241534,215.816506550337,-11.475300050749166,-143.7113611725933
1.0,75.65875888314623,-460.99798947800423,-14.901696333692106,49.148104260986244,-144.11107834012944,112.08837518705222,215.4606044052405
5478.0,511.0159333397839,-79.76413954221618,85.16156068788639,-697.8515601780393,290.82675737979304,28.964105682087027,-193.0999949756658
2080.0,-38.599830266191816,198.14366267783564,-379.2330787086294,-142.00194050802375,-213.06153639713298,180.24991322592783,-54.61463561063511
749.0,118.61464894176542,22.980540603170727,462.13330555434095,5.4129999214633155,123.10752607729964,144.4810390380069,-103.00260302094654
667.0,25.844395203099378,-384.9985546314946,-814.6242853343795,68.48935653480198,-22.96468753525829,208.32730584856714,-110.90675394646497
2960.0,531.8561343888874,-643.5346834821536,319.2753238173119,-1667.8894678927397,3.5806699354374123,-182.04781656833268,-180.41807797810654
330.0,107.3065711278617,186.47534851305457,-140.30713738670374,-641.2951746563981,216.32900046158136,-52.64690531348628,-258.1444419583975
9697.0,-253.327020305021,1.7038008346210294,339.12899022459953,1318.5191868355128,80.9867455032212,157.91445817879531,-254.33242830581187
10012.0,-63.59582773926036,412.43658578249057,-50.37518860746354,-384.8388268863302,-0.8849806441865774,272.3294199652862,270.22636554832656
865.0,-701.4082224118164,1272.6266598652844,15.962320248277651,341.87968726516675,-158.42747430283993,-18.043414506284083,129.06237080634926
3265.0,780.647089400909,7.385954098486202,-3.5427191879728084,-72.6155804510951,-0.08020330506328288,-48.26382096028124,180.13967727405725
2513.0,-313.05527610795866,-633.3810003393306,-335.1194661062693,-27.129967476729632,114.86010045790229,313.0808101066103,-3.1817167204325596
4998.0,-51.242052111889976,-196.96349909106883,-420.8535278352356,283.3142246411766,-87.27968678479169,-81.45734017601833,-162.91639638663702
146.0,213.0382706997065,621.378032393167,973.9783782352238,59.136085817940256,-54.35557644919677,180.4114929247637,-202.22811135958906
6706.0,113.538211848396,312.76557548589255,2949.724573801094,-30.33630718333672,-21.715662769974326,4.114730704795541,23.0044603553824
2454.0,594.5302535145532,-566.3441941357879,79.03502502257982,-346.34718562192336,97.33222595033445,72.37123461583701,-65.19813807215627
1190.0,199.31216058906418,15.000394041895804,-876.4684771501347,454.0757435915086,21.481385106888006,-399.2288781486928,243.3007597325152
1717.0,-473.938894272047,-176.27324095258027,492.724056353731,-763.5428411659198,-119.10926905507456,109.48858747872687,-326.9605511547083
916.0,-349.3990500878813,58.044850150044844,871.5394921717856,487.9375105128985,-107.45665720358396,-46.88094301350934,-49.93028288168162
268.0,-602.6774830942418,548.5170004642544,-201.69940578353632,212.9438215736671,33.12710536390677,-1046.1731267448956,49.38523184406105
8314.0,130.16852771435202,621.1205141330638,78.89110873614449,-6.235125124718184,65.2396367675038,28.013954630138137,299.4186887796621
3289.0,397.24509165089404,-1130.0207693920358,-352.5748815097081,-309.6590452779603,-318.7851548762313,142.96033981802117,336.3008113899978
8423.0,8.290996625774373,668.48853059798,-122.61801255657895,-368.3823766554137,-163.58633633493105,-105.53732351983298,-195.40809694105795
6731.0,-46.980099966416105,-675.4032328003972,444.6524116007163,92.9021921910779,-125.84994918981282,64.53050660448305,-30.08362351008353
5989.0,307.23496473062283,648.9401510036407,155.75232524857836,65.52400360799795,179.36159626060655,-107.7811206887917,-2.4977474950785385
1125.0,-1048.7377107712032,-848.8994077132477,-141.77559375693772,-197.00232885276523,-4.8595187496693315,145.20479106911074,-381.81468922888155
792.0,-956.1535645743884,-299.73802047208636,120.45443033584891,133.3921116215851,-122.5544091692111,-30.99587717917144,-30.765705439382202
3821.0,-21.884550605999486,89.28321146831082,-435.7468172504423,1450.5175203349004,371.94833501259313,-40.08455270899067,-65.58532939430467
9635.0,-121.13357393803447,-1498.6912606773233,-14.826789706101234,-89.08842396722864,-386.8363051354127,-169.0713997068832,-316.75024215376874
6936.0,257.1562165246816,-278.2738802669501,845.6613684675766,-215.64285096685907,-137.41891487564274,203.32165476859473,36.189336085159646
4066.0,-916.59557318762,-1159.490950735058,-278.9688004052526,-264.70669572127815,-127.48018550158335,-66.38256723659957,-25.40593095859956
782.0,91.18031230041046,-446.9393351650453,252.83796955264043,376.78492919023705,-108.609255195197,71.17543101891307,142.22639522082517
9781.0,555.5661800763513,90.7451327593107,113.47183153662675,-271.34385168811303,63.34946251558711,-150.39453723426044,296.05770965703306
4539.0,149.02921448540062,109.81796034026816,-753.2469719634789,343.1549022492203,22.670494636133704,36.49067072955851,-958.8380889609394
7403.0,-750.0660912970179,159.54792665237179,-1241.2970758617973,-96.98329302729823,-195.56699010026887,84.13386523590117,335.7109864309731
2177.0,-1427.3183054402455,112.9358220814779,841.9817084572094,658.1875457350523,-60.51940909235858,61.84820122799802,-40.65850690467745
9518.0,-2248.845328719121,91.86534498777652,532.5616123550678,158.98176767541813,205.67276443917993,396.82982485152013,154.40229632328135
2367.0,-207.75609418000641,-30.363165421033194,-1132.0245440261292,808.1839129722108,29.806948758341726,-214.17357927500396,15.857123804635226
77.0,-330.76961968177807,-830.603015332471,-818.4259627045118,-735.9319329227741,-50.701988830661776,3.5688731760604653,-31.13448730171633
6064.0,-17.981000031168243,-45.500323652887815,706.3531143226519,416.25262887497166,-594.6300741402727,110.3972381099168,296.9005929997088
3321.0,-211.14870209649084,434.5017879290322,-321.55554401923473,30.03453538402418,197.92569183921188,-79.28239516546807,-62.26287317481889
8463.0,-241.0768730105304,-153.78896757886045,-626.1359157318471,-171.3938301486831,314.29492419285276,154.31812665014257,235.04850862279844
3275.0,435.28115776391695,60.78951562170148,25.501709284362278,49.99656757626757,170.82919484477716,-225.4587073120434,-74.5174669312126
5213.0,124.01849760656836,-106.88873413574737,173.73753657410415,-147.3518637727627,275.36541669212045,-32.04723799165111,196.15488409643015
4672.0,544.5273930896313,-559.9810775213399,-98.16022186463414,-308.8016873009079,-431.22546435195557,-63.895789513891245,203.5496178454812
6866.0,-154.3241296046112,1232.3221945160399,-661.8844215902394,-61.13919271522407,-51.84644246696668,6.005561923930473,43.832977561110006
5447.0,-271.5913611511568,-248.1425355573739,117.92961661238915,67.89961885866438,17.59264592285592,-31.984959984076855,-94.92012600604146
2074.0,-85.52859326979706,262.1302905630169,943.3022283803896,-514.8870576957362,6.734989060943361,379.610449900951,-100.72122483163469
5155.0,-50.60887282548104,-182.98225744676273,287.1541330280861,499.8499950931109,66.16178987579616,241.78550559666803,-243.28299122296926
2457.0,338.46093712588737,522.8257464243096,-445.15586530122727,109.35089961888765,412.7476524702478,-37.374038890471034,3.640746756366668
1991.0,678.0336355330704,-175.92229125944695,-47.05777267292667,-27.85383542280469,-20.04784554490727,126.39174431872986,202.25720089950298
207.0,-750.0674300422213,74.7112036609777,44.814467995355095,58.187664085146686,-158.61126906736766,64.40079951130406,-28.398536499375737
325.0,-894.3841483481319,-78.29338059747822,-473.43162318544125,413.83000919773883,183.6864194868314,104.66983569542248,-100.29100254674518
81.0,-697.3720688245193,-173.34603659477006,-468.65216854764753,-113.90383461191436,10.040178376282217,36.846130068561486,59.170791742029394
6239.0,704.8835679928744,-42.728149388239736,1820.6536614378344,876.368392473046,-326.34633988902624,-197.3770829128661,35.26282320139816
6192.0,-132.1161836474849,129.4963516799394,375.11215840886774,498.3431745479795,-55.452071346358565,22.440305740846938,71.02898313790172
1235.0,612.832202965563,-4.871107182083442,1294.3753386109345,-266.31191928657705,1.472726624389793,63.63359177547555,51.208028055896584
7783.0,-45.92173419736976,-526.6330076361653,91.727705507018,687.469724218764,-7.814834744267909,-171.2974875238882,-81.03102225438147
1833.0,-1190.867170001069,88.81975425816661,-532.0640600883956,-24.5302602400275,73.12640510187325,-164.45910581008584,542.0848425805416
4006.0,362.0420480076134,-275.9487366830439,-117.12436927432893,394.36124358695645,-718.5451105346815,-531.4661939836869,-221.19485345772205
7020.0,-278.1908767214925,-449.2913890470214,151.63856608500086,-2298.3983669440404,196.27143751486113,29.628730692768652,-3.0636535942175422
4715.0,723.5483547552875,-62.226834592906776,35.089707550896,-275.03871375941515,-27.91250533001749,134.7622870825472,133.78074156707436
954.0,804.7433677302456,945.2348636561343,54.15011746942358,-236.15755470253325,-112.69332651640703,10.64219461458621,-274.2431856261516
7199.0,-6.775089734893529,-201.0297243158167,509.233819013684,-944.8289559791122,226.18029464001322,153.95302769090435,46.72373965373814
1075.0,349.1883980364554,8.07747125175136,518.8338159053347,-664.3869556951081,606.05612132322,49.49050449353774,46.10692292238993
2274.0,-1609.3467830154393,261.78461594702225,824.5501743338793,195.1158231215293,16.28460297994363,387.90659367306796,-86.9078005823821
8415.0,-103.75405993853818,1359.3435524676554,1469.8288604794793,188.6501005121626,121.79964843449967,-154.69666733023504,-155.86586913203215
6560.0,1691.0120522044438,482.9132025577271,126.22585814386892,118.07120996724485,-16.75516265095914,-412.19446145885854,-63.497308184343424
7611.0,-160.74087662197329,-1025.3829862133873,134.4856861641782,-180.7501180495955,45.27591111262615,-59.94984632022937,54.314708008473076
4797.0,-25.833625642689526,-26.840300919303594,-542.5878887823353,138.50612366602113,161.63626775680447,-262.54963524488056,220.42044372752133
3547.0,721.327048735454,-583.116747755669,40.35365501483694,111.1120213505355,73.23022842504434,-388.8353879938284,-464.1067049041083
4825.0,1037.1539573136874,529.4589220712985,464.4414066479664,347.8216761204069,-26.20589950898309,214.10547377792733,-239.5017864742373
8403.0,-99.87247299017933,72.79351354582325,-185.72531851587846,-20.356534762188115,-59.795527024395284,198.18653127513153,-326.2158995867017
285.0,-805.0995169118687,-342.3557123850797,585.7739455146996,132.7409435178126,-35.657078314219554,126.39778109050583,114.95004967802213
9220.0,88.32086530489028,-658.5848242679714,-57.46400697477857,337.32128002726654,-150.2179383512569,74.70933339575551,-96.19653113838525
2628.0,143.78463828560547,16.836400622065103,437.9923091989247,348.355266190018,-52.12353052212694,-16.912175197340694,57.54258604827509
1802.0,-573.4330141515865,-90.20399518352694,99.98108590175785,2262.792054211595,-123.73862746410143,-74.02110351065846,-203.94182835058234
8138.0,89.72047025209226,5.779456111878526,193.07645518916132,575.5558379103102,497.2076352127993,-261.22809736205363,507.12004489427164
5288.0,-422.8793895270408,-13.525516565197151,239.67461649401133,-45.336188842858256,-25.133524856708053,133.52973848312357,-239.8368572289139
2000.0,-16.82538239131641,-319.2924865705099,-423.75002104829485,-42.00414322248843,258.22156422862827,231.71627464919519,-39.13671964438538
3335.0,-388.29205108587195,89.548131169513,208.3960542199527,-31.282459192315198,-235.88873635594086,-27.336366460246058,-189.27894843369236
4030.0,-459.54347275127213,-655.5149210564081,1094.0017461019643,643.3068893679721,-29.951613010201985,-92.78152931653912,22.906738428822475
1233.0,-176.1904518841045,33.25423348485872,-131.72507537525215,-505.8018889019532,-108.78550560308655,282.8223787100886,598.4939721847438
5456.0,-204.92429463242124,-238.46223238709277,-1132.2155541660966,-114.81617205436092,-294.11214205704835,147.18817165065386,-78.35372498471908
2276.0,-114.48256149602949,11.001558354034392,6.987702884841873,132.5996021441229,4.920052657943408,54.73419336121346,-428.49616495635706
2964.0,125.23099021265458,-170.31134254458317,1088.2515111173536,444.216158198276,156.9120687437438,-254.28238510658224,-9.38690281287737
6873.0,-713.3694509279676,152.5088875915162,877.5223996230189,48.98982099141586,103.00421537537405,-606.9300767483533,226.13040172275743
8135.0,-490.26299856955865,184.38084443782827,0.7348688030501851,-131.61747569637242,-129.11011748138097,-89.08383999793044,175.16082307276162
1325.0,-995.7617311083205,-250.35732289153123,271.8963528156585,-177.39275572485926,52.09321577789269,380.8108953435549,266.6211155180635
2901.0,100.42912487105296,388.45943711150704,-86.81543419007988,342.7379341411267,77.02227799980994,-192.93906199280676,-16.144720295102697
